{
  "channels": [
    "https://conda.anaconda.org/conda-forge/linux-64",
    "https://conda.anaconda.org/conda-forge/noarch",
    "https://repo.continuum.io/pkgs/main/linux-64",
    "https://repo.continuum.io/pkgs/main/noarch",
    "https://repo.continuum.io/pkgs/free/linux-64",
    "https://repo.continuum.io/pkgs/free/noarch",
    "https://repo.continuum.io/pkgs/r/linux-64",
    "https://repo.continuum.io/pkgs/r/noarch",
    "https://repo.continuum.io/pkgs/pro/linux-64",
    "https://repo.continuum.io/pkgs/pro/noarch"
  ],
  "conda_build_version": "2.1.18",
  "conda_env_version": "4.3.34",
  "conda_private": false,
  "conda_version": "4.3.34",
  "env_vars": {
    "CIO_TEST": "<not set>",
    "CONDA_ALLOW_SOFTLINKS": "false",
    "CONDA_DEFAULT_ENV": "root",
    "CONDA_ENVS_PATH": "<not set>",
    "CONDA_LUA": "5.2",
    "CONDA_PATH_BACKUP": "/opt/rh/devtoolset-2/root/usr/bin:/usr/local/sbin:/usr/local/bin:/usr/sbin:/usr/bin:/sbin:/bin:/home/conda/bin",
    "CONDA_PERL": "5.20.3",
    "CONDA_PREFIX": "/opt/conda",
    "CONDA_PS1_BACKUP": "[\\u@\\h \\W]\\$ ",
    "CONDA_PY": "27",
    "CONDA_R": "3.3.2",
    "CONDA_ROOT": "/opt/conda",
    "DYLD_LIBRARY_PATH": "<not set>",
    "FTP_PROXY": "<not set>",
    "HTTPS_PROXY": "<not set>",
    "HTTP_PROXY": "<not set>",
    "LD_LIBRARY_PATH": "/opt/rh/devtoolset-2/root/usr/lib64:/opt/rh/devtoolset-2/root/usr/lib",
    "PATH": "/opt/conda/bin:/opt/rh/devtoolset-2/root/usr/bin:/usr/local/sbin:/usr/local/bin:/usr/sbin:/usr/bin:/sbin:/bin:/home/conda/bin",
    "PYTHONHOME": "<not set>",
    "PYTHONPATH": "/opt/rh/devtoolset-2/root/usr/lib64/python2.6/site-packages:/opt/rh/devtoolset-2/root/usr/lib/python2.6/site-packages",
    "REQUESTS_CA_BUNDLE": "<not set>",
    "SSL_CERT_FILE": "<not set>"
  },
  "home": "http://pyomo.org",
  "license": "BSD 3-Clause",
  "license_family": "BSD",
  "offline": false,
  "root_pkgs": [
    {
      "base_url": null,
      "build_number": 0,
      "build_string": "py_0",
      "channel": "conda-forge",
      "dist_name": "anaconda-client-1.6.14-py_0",
      "name": "anaconda-client",
      "platform": null,
      "version": "1.6.14",
      "with_features_depends": null
    },
    {
      "base_url": null,
      "build_number": 0,
      "build_string": "py36_0",
      "channel": "conda-forge",
      "dist_name": "asn1crypto-0.24.0-py36_0",
      "name": "asn1crypto",
      "platform": null,
      "version": "0.24.0",
      "with_features_depends": null
    },
    {
      "base_url": null,
      "build_number": 0,
      "build_string": "py36_0",
      "channel": "conda-forge",
      "dist_name": "beautifulsoup4-4.6.0-py36_0",
      "name": "beautifulsoup4",
      "platform": null,
      "version": "4.6.0",
      "with_features_depends": null
    },
    {
      "base_url": null,
      "build_number": 0,
      "build_string": "0",
      "channel": "conda-forge",
      "dist_name": "ca-certificates-2018.1.18-0",
      "name": "ca-certificates",
      "platform": null,
      "version": "2018.1.18",
      "with_features_depends": null
    },
    {
      "base_url": null,
      "build_number": 0,
      "build_string": "py36_0",
      "channel": "conda-forge",
      "dist_name": "certifi-2018.1.18-py36_0",
      "name": "certifi",
      "platform": null,
      "version": "2018.1.18",
      "with_features_depends": null
    },
    {
      "base_url": null,
      "build_number": 0,
      "build_string": "py36_0",
      "channel": "conda-forge",
      "dist_name": "cffi-1.11.5-py36_0",
      "name": "cffi",
      "platform": null,
      "version": "1.11.5",
      "with_features_depends": null
    },
    {
      "base_url": null,
      "build_number": 0,
      "build_string": "py36_0",
      "channel": "conda-forge",
      "dist_name": "chardet-3.0.4-py36_0",
      "name": "chardet",
      "platform": null,
      "version": "3.0.4",
      "with_features_depends": null
    },
    {
      "base_url": null,
      "build_number": 0,
      "build_string": "py36_0",
      "channel": "conda-forge",
      "dist_name": "clyent-1.2.2-py36_0",
      "name": "clyent",
      "platform": null,
      "version": "1.2.2",
      "with_features_depends": null
    },
    {
      "base_url": null,
      "build_number": 0,
      "build_string": "py36_0",
      "channel": "conda-forge",
      "dist_name": "conda-4.3.34-py36_0",
      "name": "conda",
      "platform": null,
      "version": "4.3.34",
      "with_features_depends": null
    },
    {
      "base_url": null,
      "build_number": 0,
      "build_string": "py36_0",
      "channel": "conda-forge",
      "dist_name": "conda-build-2.1.18-py36_0",
      "name": "conda-build",
      "platform": null,
      "version": "2.1.18",
      "with_features_depends": null
    },
    {
      "base_url": null,
      "build_number": 0,
      "build_string": "0",
      "channel": "conda-forge",
      "dist_name": "conda-env-2.6.0-0",
      "name": "conda-env",
      "platform": null,
      "version": "2.6.0",
      "with_features_depends": null
    },
    {
      "base_url": null,
      "build_number": 0,
      "build_string": "0",
      "channel": "conda-forge",
      "dist_name": "conda-forge-build-setup-4.4.22-0",
      "name": "conda-forge-build-setup",
      "platform": null,
      "version": "4.4.22",
      "with_features_depends": null
    },
    {
      "base_url": null,
      "build_number": 0,
      "build_string": "py36_0",
      "channel": "conda-forge",
      "dist_name": "conda-verify-2.0.0-py36_0",
      "name": "conda-verify",
      "platform": null,
      "version": "2.0.0",
      "with_features_depends": null
    },
    {
      "base_url": null,
      "build_number": 0,
      "build_string": "py36_0",
      "channel": "conda-forge",
      "dist_name": "cryptography-2.2.1-py36_0",
      "name": "cryptography",
      "platform": null,
      "version": "2.2.1",
      "with_features_depends": null
    },
    {
      "base_url": null,
      "build_number": 0,
      "build_string": "0",
      "channel": "conda-forge",
      "dist_name": "curl-7.59.0-0",
      "name": "curl",
      "platform": null,
      "version": "7.59.0",
      "with_features_depends": null
    },
    {
      "base_url": null,
      "build_number": 0,
      "build_string": "py36_0",
      "channel": "conda-forge",
      "dist_name": "decorator-4.2.1-py36_0",
      "name": "decorator",
      "platform": null,
      "version": "4.2.1",
      "with_features_depends": null
    },
    {
      "base_url": null,
      "build_number": 0,
      "build_string": "0",
      "channel": "conda-forge",
      "dist_name": "expat-2.2.5-0",
      "name": "expat",
      "platform": null,
      "version": "2.2.5",
      "with_features_depends": null
    },
    {
      "base_url": null,
      "build_number": 0,
      "build_string": "py36_0",
      "channel": "conda-forge",
      "dist_name": "filelock-3.0.4-py36_0",
      "name": "filelock",
      "platform": null,
      "version": "3.0.4",
      "with_features_depends": null
    },
    {
      "base_url": null,
      "build_number": 3,
      "build_string": "3",
      "channel": "conda-forge",
      "dist_name": "git-2.14.2-3",
      "name": "git",
      "platform": null,
      "version": "2.14.2",
      "with_features_depends": null
    },
    {
      "base_url": null,
      "build_number": 0,
      "build_string": "py36_0",
      "channel": "conda-forge",
      "dist_name": "glob2-0.5-py36_0",
      "name": "glob2",
      "platform": null,
      "version": "0.5",
      "with_features_depends": null
    },
    {
      "base_url": null,
      "build_number": 0,
      "build_string": "0",
      "channel": "conda-forge",
      "dist_name": "gosu-1.10-0",
      "name": "gosu",
      "platform": null,
      "version": "1.10",
      "with_features_depends": null
    },
    {
      "base_url": null,
      "build_number": 1,
      "build_string": "py36_1",
      "channel": "conda-forge",
      "dist_name": "idna-2.6-py36_1",
      "name": "idna",
      "platform": null,
      "version": "2.6",
      "with_features_depends": null
    },
    {
      "base_url": null,
      "build_number": 0,
      "build_string": "py36_0",
      "channel": "conda-forge",
      "dist_name": "ipython_genutils-0.2.0-py36_0",
      "name": "ipython_genutils",
      "platform": null,
      "version": "0.2.0",
      "with_features_depends": null
    },
    {
      "base_url": null,
      "build_number": 0,
      "build_string": "py36_0",
      "channel": "conda-forge",
      "dist_name": "jinja2-2.10-py36_0",
      "name": "jinja2",
      "platform": null,
      "version": "2.10",
      "with_features_depends": null
    },
    {
      "base_url": null,
      "build_number": 1,
      "build_string": "py36_1",
      "channel": "conda-forge",
      "dist_name": "jsonschema-2.6.0-py36_1",
      "name": "jsonschema",
      "platform": null,
      "version": "2.6.0",
      "with_features_depends": null
    },
    {
      "base_url": null,
      "build_number": 0,
      "build_string": "py_0",
      "channel": "conda-forge",
      "dist_name": "jupyter_core-4.4.0-py_0",
      "name": "jupyter_core",
      "platform": null,
      "version": "4.4.0",
      "with_features_depends": null
    },
    {
      "base_url": null,
      "build_number": 0,
      "build_string": "0",
      "channel": "conda-forge",
      "dist_name": "krb5-1.14.6-0",
      "name": "krb5",
      "platform": null,
      "version": "1.14.6",
      "with_features_depends": null
    },
    {
      "base_url": null,
      "build_number": 3,
      "build_string": "3",
      "channel": "conda-forge",
      "dist_name": "libffi-3.2.1-3",
      "name": "libffi",
      "platform": null,
      "version": "3.2.1",
      "with_features_depends": null
    },
    {
      "base_url": null,
      "build_number": 0,
      "build_string": "0",
      "channel": "conda-forge",
      "dist_name": "libiconv-1.15-0",
      "name": "libiconv",
      "platform": null,
      "version": "1.15",
      "with_features_depends": null
    },
    {
      "base_url": null,
      "build_number": 2,
      "build_string": "2",
      "channel": "conda-forge",
      "dist_name": "libssh2-1.8.0-2",
      "name": "libssh2",
      "platform": null,
      "version": "1.8.0",
      "with_features_depends": null
    },
    {
      "base_url": null,
      "build_number": 0,
      "build_string": "py36_0",
      "channel": "conda-forge",
      "dist_name": "markupsafe-1.0-py36_0",
      "name": "markupsafe",
      "platform": null,
      "version": "1.0",
      "with_features_depends": null
    },
    {
      "base_url": null,
      "build_number": 0,
      "build_string": "py36_0",
      "channel": "conda-forge",
      "dist_name": "nbformat-4.4.0-py36_0",
      "name": "nbformat",
      "platform": null,
      "version": "4.4.0",
      "with_features_depends": null
    },
    {
      "base_url": null,
      "build_number": 10,
      "build_string": "10",
      "channel": "conda-forge",
      "dist_name": "ncurses-5.9-10",
      "name": "ncurses",
      "platform": null,
      "version": "5.9",
      "with_features_depends": null
    },
    {
      "base_url": null,
      "build_number": 0,
      "build_string": "0",
      "channel": "conda-forge",
      "dist_name": "openssl-1.0.2o-0",
      "name": "openssl",
      "platform": null,
      "version": "1.0.2o",
      "with_features_depends": null
    },
    {
      "base_url": null,
      "build_number": 0,
      "build_string": "py_0",
      "channel": "conda-forge",
      "dist_name": "packaging-17.1-py_0",
      "name": "packaging",
      "platform": null,
      "version": "17.1",
      "with_features_depends": null
    },
    {
      "base_url": null,
      "build_number": 2,
      "build_string": "2",
      "channel": "conda-forge",
      "dist_name": "patchelf-0.9-2",
      "name": "patchelf",
      "platform": null,
      "version": "0.9",
      "with_features_depends": null
    },
    {
      "base_url": null,
      "build_number": 0,
      "build_string": "py36_0",
      "channel": "conda-forge",
      "dist_name": "pip-9.0.3-py36_0",
      "name": "pip",
      "platform": null,
      "version": "9.0.3",
      "with_features_depends": null
    },
    {
      "base_url": null,
      "build_number": 0,
      "build_string": "py36_0",
      "channel": "conda-forge",
      "dist_name": "pkginfo-1.4.2-py36_0",
      "name": "pkginfo",
      "platform": null,
      "version": "1.4.2",
      "with_features_depends": null
    },
    {
      "base_url": null,
      "build_number": 0,
      "build_string": "py36_0",
      "channel": "conda-forge",
      "dist_name": "psutil-5.4.3-py36_0",
      "name": "psutil",
      "platform": null,
      "version": "5.4.3",
      "with_features_depends": null
    },
    {
      "base_url": null,
      "build_number": 0,
      "build_string": "py36_0",
      "channel": "conda-forge",
      "dist_name": "pycosat-0.6.3-py36_0",
      "name": "pycosat",
      "platform": null,
      "version": "0.6.3",
      "with_features_depends": null
    },
    {
      "base_url": null,
      "build_number": 0,
      "build_string": "py36_0",
      "channel": "conda-forge",
      "dist_name": "pycparser-2.18-py36_0",
      "name": "pycparser",
      "platform": null,
      "version": "2.18",
      "with_features_depends": null
    },
    {
      "base_url": null,
      "build_number": 1,
      "build_string": "py36_1",
      "channel": "conda-forge",
      "dist_name": "pycrypto-2.6.1-py36_1",
      "name": "pycrypto",
      "platform": null,
      "version": "2.6.1",
      "with_features_depends": null
    },
    {
      "base_url": null,
      "build_number": 1,
      "build_string": "py36_1",
      "channel": "conda-forge",
      "dist_name": "pyopenssl-17.5.0-py36_1",
      "name": "pyopenssl",
      "platform": null,
      "version": "17.5.0",
      "with_features_depends": null
    },
    {
      "base_url": null,
      "build_number": 0,
      "build_string": "py36_0",
      "channel": "conda-forge",
      "dist_name": "pyparsing-2.2.0-py36_0",
      "name": "pyparsing",
      "platform": null,
      "version": "2.2.0",
      "with_features_depends": null
    },
    {
      "base_url": null,
      "build_number": 1,
      "build_string": "py36_1",
      "channel": "conda-forge",
      "dist_name": "pysocks-1.6.8-py36_1",
      "name": "pysocks",
      "platform": null,
      "version": "1.6.8",
      "with_features_depends": null
    },
    {
      "base_url": null,
      "build_number": 1,
      "build_string": "1",
      "channel": "conda-forge",
      "dist_name": "python-3.6.5-1",
      "name": "python",
      "platform": null,
      "version": "3.6.5",
      "with_features_depends": null
    },
    {
      "base_url": null,
      "build_number": 0,
      "build_string": "py_0",
      "channel": "conda-forge",
      "dist_name": "python-dateutil-2.7.2-py_0",
      "name": "python-dateutil",
      "platform": null,
      "version": "2.7.2",
      "with_features_depends": null
    },
    {
      "base_url": null,
      "build_number": 0,
      "build_string": "py_0",
      "channel": "conda-forge",
      "dist_name": "pytz-2018.3-py_0",
      "name": "pytz",
      "platform": null,
      "version": "2018.3",
      "with_features_depends": null
    },
    {
      "base_url": null,
      "build_number": 1,
      "build_string": "py36_1",
      "channel": "conda-forge",
      "dist_name": "pyyaml-3.12-py36_1",
      "name": "pyyaml",
      "platform": null,
      "version": "3.12",
      "with_features_depends": null
    },
    {
      "base_url": null,
      "build_number": 0,
      "build_string": "0",
      "channel": "conda-forge",
      "dist_name": "readline-7.0-0",
      "name": "readline",
      "platform": null,
      "version": "7.0",
      "with_features_depends": null
    },
    {
      "base_url": null,
      "build_number": 1,
      "build_string": "py36_1",
      "channel": "conda-forge",
      "dist_name": "requests-2.18.4-py36_1",
      "name": "requests",
      "platform": null,
      "version": "2.18.4",
      "with_features_depends": null
    },
    {
      "base_url": null,
      "build_number": 0,
      "build_string": "py36_0",
      "channel": "conda-forge",
      "dist_name": "ruamel_yaml-0.15.35-py36_0",
      "name": "ruamel_yaml",
      "platform": null,
      "version": "0.15.35",
      "with_features_depends": null
    },
    {
      "base_url": null,
      "build_number": 0,
      "build_string": "py36_0",
      "channel": "conda-forge",
      "dist_name": "setuptools-39.0.1-py36_0",
      "name": "setuptools",
      "platform": null,
      "version": "39.0.1",
      "with_features_depends": null
    },
    {
      "base_url": null,
      "build_number": 1,
      "build_string": "py36_1",
      "channel": "conda-forge",
      "dist_name": "six-1.11.0-py36_1",
      "name": "six",
      "platform": null,
      "version": "1.11.0",
      "with_features_depends": null
    },
    {
      "base_url": null,
      "build_number": 2,
      "build_string": "2",
      "channel": "conda-forge",
      "dist_name": "sqlite-3.20.1-2",
      "name": "sqlite",
      "platform": null,
      "version": "3.20.1",
      "with_features_depends": null
    },
    {
      "base_url": null,
      "build_number": 0,
      "build_string": "0",
      "channel": "conda-forge",
      "dist_name": "tini-0.17.0-0",
      "name": "tini",
      "platform": null,
      "version": "0.17.0",
      "with_features_depends": null
    },
    {
      "base_url": null,
      "build_number": 0,
      "build_string": "0",
      "channel": "conda-forge",
      "dist_name": "tk-8.6.7-0",
      "name": "tk",
      "platform": null,
      "version": "8.6.7",
      "with_features_depends": null
    },
    {
      "base_url": null,
      "build_number": 0,
      "build_string": "py36_0",
      "channel": "conda-forge",
      "dist_name": "traitlets-4.3.2-py36_0",
      "name": "traitlets",
      "platform": null,
      "version": "4.3.2",
      "with_features_depends": null
    },
    {
      "base_url": null,
      "build_number": 0,
      "build_string": "py36_0",
      "channel": "conda-forge",
      "dist_name": "urllib3-1.22-py36_0",
      "name": "urllib3",
      "platform": null,
      "version": "1.22",
      "with_features_depends": null
    },
    {
      "base_url": null,
      "build_number": 0,
      "build_string": "py36_0",
      "channel": "conda-forge",
      "dist_name": "wheel-0.31.0-py36_0",
      "name": "wheel",
      "platform": null,
      "version": "0.31.0",
      "with_features_depends": null
    },
    {
      "base_url": null,
      "build_number": 0,
      "build_string": "0",
      "channel": "conda-forge",
      "dist_name": "xz-5.2.3-0",
      "name": "xz",
      "platform": null,
      "version": "5.2.3",
      "with_features_depends": null
    },
    {
      "base_url": null,
      "build_number": 0,
      "build_string": "0",
      "channel": "conda-forge",
      "dist_name": "yaml-0.1.7-0",
      "name": "yaml",
      "platform": null,
      "version": "0.1.7",
      "with_features_depends": null
    },
    {
      "base_url": null,
      "build_number": 0,
      "build_string": "0",
      "channel": "conda-forge",
      "dist_name": "zlib-1.2.11-0",
      "name": "zlib",
      "platform": null,
      "version": "1.2.11",
      "with_features_depends": null
    }
  ],
  "summary": "Pyomo: Python Optimization Modeling Objects"
}