{
  "arch": "x86_64",
  "build": "py27_1",
  "build_number": 1,
  "channel": "https://conda.anaconda.org/conda-forge/linux-64",
  "constrains": [],
  "depends": [
    "appdirs",
    "ply",
    "python 2.7*",
    "pyutilib >=5.6.3",
    "setuptools",
    "six >=1.4"
  ],
  "features": "",
  "fn": "pyomo-5.5.0-py27_1.tar.bz2",
  "license": "BSD 3-Clause",
  "license_family": "BSD",
  "md5": "86bb07e5e4fee2d31c7b78525c3d2ce8",
  "name": "pyomo",
  "platform": "linux",
  "size": 2855040,
  "subdir": "linux-64",
  "track_features": "",
  "url": "https://conda.anaconda.org/conda-forge/linux-64/pyomo-5.5.0-py27_1.tar.bz2",
  "version": "5.5.0"
}